제목,1열
에어팟 맥스,https://www.coupang.com/vp/products/8335416769
애플워치 se 2세대,https://www.coupang.com/vp/products/8336500238
LG 모니터 32GN50R,https://www.coupang.com/vp/products/7802327624
아이폰16 pro,https://www.coupang.com/vp/products/8335434891
갤럭시 버즈3 프로,https://www.coupang.com/vp/products/8145200009
갤럭시북4 15.6인치,https://www.coupang.com/vp/products/7991194687
에어팟 프로 2세대,https://www.coupang.com/vp/products/7608804797
다이슨 v8 청소기,https://www.coupang.com/vp/products/7610643441
로지텍 102 마우스,https://www.coupang.com/vp/products/8145067451
갤럭시 워치6 44mm,https://www.coupang.com/vp/products/7405993243
아이패드 에어11세대 128GB,https://www.coupang.com/vp/products/8134826732
닌텐도 스위치 HAC-001,https://www.coupang.com/vp/products/272270135
플스5 슬림 디지털 에디션,https://www.coupang.com/vp/products/8156974822
로지텍 USB 유선 일반형 키보드,https://www.coupang.com/vp/products/132687601
브리츠 BA-R9 사운드바,https://www.coupang.com/vp/products/1020744
앱코 헤드셋 N550 ENC,https://www.coupang.com/vp/products/172740098
삼성전자 T7 Portable,https://www.coupang.com/vp/products/1593334322
Apple 2024 맥북 에어 13 M3,https://www.coupang.com/vp/products/7975088162
샤오미 4K UHD 스마트 TV,https://www.coupang.com/vp/products/7692656648
삼성전자 Q9000 에어컨,https://www.coupang.com/vp/products/7080497500
삼성 갤럭시 S24U 자급제 256gb,https://www.coupang.com/vp/products/7735827059
카멜 QHD 프리즘 포터블 모니터,https://www.coupang.com/vp/products/6996866813?itemId=17144648022&vendorItemId=84317439146&pickType=COU_PICK&q=%ED%8F%AC%ED%84%B0%EB%B8%94+%EB%AA%A8%EB%8B%88%ED%84%B0&itemsCount=36&searchId=c02050ad3de546529fc4c69ac10fd4b1&rank=7
소니 WH-1000XM5,https://www.coupang.com/vp/products/6557157200?itemId=14662956952&vendorItemId=81904097255&q=%EC%86%8C%EB%8B%88+%ED%97%A4%EB%93%9C%EC%85%8B&itemsCount=36&searchId=ca83ca1dd7d347e7a97e9c6d15119adf&rank=0&isAddedCart=
TCL 4K UHD HDR 스마트 TV,https://www.coupang.com/vp/products/8120991496?itemId=23052623359&vendorItemId=90086285359&sourceType=CATEGORY&categoryId=178354&isAddedCart=
따스앤 벽걸이 난방기,https://www.coupang.com/vp/products/7699563321
로랜텍 삼성 C to C PD PPS 초고속 충전케이블,https://www.coupang.com/vp/products/5548364343?vendorItemId=76046361163&sourceType=sdp_bottom_promotion&searchId=feed-1b06c717e6fd466aa6030401aaa4db1e-gw_promotion&isAddedCart=
BRUNO 헤어드라이어 BH-2301,https://www.coupang.com/vp/products/7551093123?itemId=19872381065&vendorItemId=86973072066&sourceType=CATEGORY&categoryId=520025&isAddedCart=
BRUNO 고데기 BHS-2207BL,https://www.coupang.com/vp/products/6928131230?itemId=16755013349&vendorItemId=83936563727&sourceType=CATEGORY&categoryId=520026&isAddedCart=
플라이코 전기면도기,https://www.coupang.com/vp/products/7853437982?itemId=21412375289&vendorItemId=88468696821&sourceType=CATEGORY&categoryId=519956&isAddedCart=
갈란츠 미니 1도어 냉장고,https://www.coupang.com/vp/products/7824173886?itemId=21260491186&vendorItemId=88320842006&sourceType=CATEGORY&categoryId=519979&isAddedCart=
"샤오미 스마트 공기청정기4 ",https://www.coupang.com/vp/products/6373006409?itemId=13507234372&vendorItemId=80761320910&pickType=COU_PICK&q=%EC%83%A4%EC%98%A4%EB%AF%B8+%EA%B3%B5%EA%B8%B0%EC%B2%AD%EC%A0%95%EA%B8%B04&itemsCount=36&searchId=a04f269fb65244238ef3d756576dd4e2&rank=0&isAddedCart=
IMMU 핸디형 스팀다리미,https://www.coupang.com/vp/products/7734852515?itemId=20794392055&vendorItemId=87863891528&sourceType=CATEGORY&categoryId=519991&isAddedCart=
루컴즈 세탁기 W070W01-W,https://www.coupang.com/vp/products/7912801729?itemId=21717284649&vendorItemId=88766562619&sourceType=srp_product_ads&clickEventId=81148d00-7edb-11ef-9ded-581ff877c1e3&korePlacement=15&koreSubPlacement=1&q=%EC%84%B8%ED%83%81%EA%B8%B0&itemsCount=36&searchId=0e2d6ba926554ea686e7e9bc48e8b010&rank=0&isAddedCart=
린나이 전자레인지 다이얼 버튼식 20L,https://www.coupang.com/vp/products/8037345560?itemId=22491691586&vendorItemId=89533889245&q=%EC%A0%84%EC%9E%90%EB%A0%88%EC%9D%B8%EC%A7%80&itemsCount=36&searchId=77020959105b435a8706ebadba344de4&rank=13&isAddedCart=
돌체구스토 미니미 캡슐커피머신,https://www.coupang.com/vp/products/7665188473?itemId=20431864381&vendorItemId=87512940636&q=%EC%BB%A4%ED%94%BC%EB%A8%B8%EC%8B%A0&itemsCount=36&searchId=84f6f50a0f7347628f37db8cbb74ba22&rank=9&isAddedCart=
쿠쿠 심리스 전기밥솥 6인용,https://www.coupang.com/vp/products/7951063798?itemId=21945619065&vendorItemId=89518733346&q=%EB%B0%A5%EC%86%A5&itemsCount=36&searchId=2606eab8704447ddbe3875c2eaadccb3&rank=17&isAddedCart=
신일 멀티 블렌더 SFM-SJ21NV,https://www.coupang.com/vp/products/7823601721?itemId=21257584363&vendorItemId=88318004386&q=%EB%AF%B9%EC%84%9C%EA%B8%B0&itemsCount=36&searchId=eefc25202efd42aea5f03a6b16438251&rank=24&isAddedCart=
아이노비아 포스캠 R3 홈캠,https://www.coupang.com/vp/products/7567735641?itemId=19951291843&vendorItemId=88407299568&q=%EB%B3%B4%EC%95%88%EC%B9%B4%EB%A9%94%EB%9D%BC&itemsCount=36&searchId=878744a4d8e34d2bb2cbfa6ad56cc016&rank=3&isAddedCart=
ipTIME 유무선 공유기 AX3000SM,https://www.coupang.com/vp/products/8087525324?itemId=22829929039&vendorItemId=90185048727&q=%EA%B3%B5%EC%9C%A0%EA%B8%B0&itemsCount=36&searchId=5e86ac2c20a745aaa54c55378cf39fd8&rank=6&isAddedCart=
퀸센스 미니 써큘레이터 QST-RP50,https://www.coupang.com/vp/products/8113044237?itemId=22991632456&vendorItemId=90025560720&sourceType=srp_product_ads&clickEventId=30094200-7edd-11ef-8e15-1f56e6145140&korePlacement=15&koreSubPlacement=9&q=%EC%84%9C%ED%81%98%EB%A0%88%EC%9D%B4%ED%84%B0&itemsCount=36&searchId=9d47ed2ae0724567ad887272b7280648&rank=8&isAddedCart=
쿠첸 에어프라이어 5L,https://www.coupang.com/vp/products/8017574780?itemId=22394258301&vendorItemId=89439188658&q=%EC%97%90%EC%96%B4%ED%94%84%EB%9D%BC%EC%9D%B4%EA%B8%B0&itemsCount=36&searchId=80e47c3495b8413fa15795402551c28d&rank=7&isAddedCart=
미디어 대용량 컨벤셔널 오븐 블랙 25L,https://www.coupang.com/vp/products/7502805332?itemId=19643235322&vendorItemId=86749410613&sourceType=srp_product_ads&clickEventId=62f4d760-7edd-11ef-8eb7-00c566d17bf1&korePlacement=15&koreSubPlacement=5&q=%EC%98%A4%EB%B8%90&itemsCount=36&searchId=d3ff2bd9a3f244b181789c36ab8d947f&rank=4&isAddedCart=
리큅 올스테인리스 토스터,https://www.coupang.com/vp/products/6743995544?itemId=15752104925&vendorItemId=82965800633&sourceType=srp_product_ads&clickEventId=780b66a0-7edd-11ef-9995-8ccbafa50843&korePlacement=15&koreSubPlacement=22&q=%ED%86%A0%EC%8A%A4%ED%84%B0%EA%B8%B0&itemsCount=36&searchId=b78f2432c94f408eb819e60b0466b11c&rank=21&isAddedCart=
필립스 스팀 다리미 5000시리즈,https://www.coupang.com/vp/products/6147250608
익스트림 트리플 아르기닌 6200mg 300ml 1개,https://www.coupang.com/vp/products/7157272883
독거미 키보드 국내정품 AULA F98,https://www.coupang.com/vp/products/8164170989
BRAUN 시리즈 9 프로 전기면도기,https://www.coupang.com/vp/products/8302057282
"마녀공장 퓨어 클렌징 오일, 400ml, 1개",https://www.coupang.com/vp/products/6165729062
LG전자 트롬 오브제 컬렉션 드럼 세탁기 FX24GNG 24kg,https://www.coupang.com/vp/products/7235530685
TANI 가정용 다용도 철봉 운동기구,https://www.coupang.com/vp/products/6557161429
자바 매트릭스 만년필,https://www.coupang.com/vp/products/8287732224
"하고로모 탄산 분필, 백색, 72개",https://www.coupang.com/vp/products/1357316653
"종근당건강 락토핏 생유산균 골드, 160g, 1개",https://www.coupang.com/vp/products/7458810098
코닥 일회용 플래쉬 카메라 FunSaver 27,https://www.coupang.com/vp/products/1524137972
"아리아나그란데 아리 바이 아리아나 그란데 오드퍼퓸, 100ml, 1개",https://www.coupang.com/vp/products/1175649383
인스탁스 미니11 즉석카메라 라일락 퍼플,https://www.coupang.com/vp/products/7380614937
코멧 NBR 10mm 요가매트,https://www.coupang.com/vp/products/172134026
테팔 로프트 무선주전자 화이트,https://www.coupang.com/vp/products/1727572494
유닉스 세라믹 헤어 매직기 UCI-A2521,https://www.coupang.com/vp/products/3154423
LG전자 2024 그램 16 코어i5 인텔 13세대,https://www.coupang.com/vp/products/8052075526
벨킨 부스트업 프로 Qi2 15W 3in1 마그네틱 무선 충전 스탠드 WIZ023kr,https://www.coupang.com/vp/products/8174327606
Apple 2022 에어팟 3세대 유선 충전 블루투스 이어폰,https://www.coupang.com/vp/products/6773610094
Apple 정품 Beats 스튜디오 버즈 +,https://www.coupang.com/vp/products/7358647460
Apple 애플워치 10 GPS,https://www.coupang.com/vp/products/8335576344
삼성전자 USB Flash Drive Type-C MUF-128DA/APC,https://www.coupang.com/vp/products/6690074465
캐논 무한 무선 잉크젯 복합기 G3910,https://www.coupang.com/vp/products/66778598
로지텍 무선 텐키리스 키보드(K380S),https://www.coupang.com/vp/products/7687816904
풀리오 종아리 마사지기,https://www.coupang.com/vp/products/7565074085
LG전자 스타일러 오브제컬렉션,https://www.coupang.com/vp/products/8323192920
HP 2024 빅터스 15 라이젠7 8000 시리즈 지포스 RTX 4060,https://www.coupang.com/vp/products/7923375658
레이저 Viper V2 Pro 무선마우스 RZ01-0439,https://www.coupang.com/vp/products/6682737533?itemId=15416459098&vendorItemId=82636280752&pickType=COU_PICK&q=%EB%A0%88%EC%9D%B4%EC%A0%80+viper+v2+pro&itemsCount=36&searchId=c91deac58953412288e5eec3e248a83b&rank=0&isAddedCart=
레이저코리아 Razer DeathAdder V2 Pro,https://www.coupang.com/vp/products/7271296485?itemId=18544404389&vendorItemId=89979778449&q=%EB%A0%88%EC%9D%B4%EC%A0%80+%EB%8D%B0%EC%8A%A4%EC%97%90%EB%8D%94&itemsCount=36&searchId=c5d1e1330e9240f4a836ed8c5c0ec89c&rank=1&isAddedCart=
레이저 Basilisk V3 게이밍 유선 마우스 RZ01-0400,https://www.coupang.com/vp/products/6491296432?itemId=14250544882&vendorItemId=78701340471&pickType=COU_PICK&q=%EB%A0%88%EC%9D%B4%EC%A0%80+%EB%B0%94%EC%8B%A4%EB%A6%AC%EC%8A%A4%ED%81%AC&itemsCount=36&searchId=1f4ee55321114a8f9b2518dc828583b9&rank=1&isAddedCart=
레이저 BlackShark V2 Pro 2023,https://www.coupang.com/vp/products/7837488996?itemId=21327328797&vendorItemId=86040410467&q=%EB%A0%88%EC%9D%B4%EC%A0%80+%EB%B8%94%EB%9E%99%EC%83%A4%ED%81%AC+v2+pro&itemsCount=36&searchId=45a2327601994b7fbca7169146513d68&rank=1&isAddedCart=
"레이저 Barracuda X PLUS 무선헤드셋
",https://www.coupang.com/vp/products/6687684845?itemId=15443972771&vendorItemId=82663595039&pickType=COU_PICK&q=%EB%A0%88%EC%9D%B4%EC%A0%80+%ED%97%A4%EB%93%9C%EC%85%8B&itemsCount=36&searchId=60f8b418afb74a729de57949ecb7bfe0&rank=2&isAddedCart=
레이져 Kraken V3 X,https://www.coupang.com/vp/products/7246098519?itemId=18421741070&vendorItemId=89400991326&q=%EB%A0%88%EC%9D%B4%EC%A0%80+%ED%97%A4%EB%93%9C%EC%85%8B&itemsCount=36&searchId=60f8b418afb74a729de57949ecb7bfe0&rank=7&isAddedCart=
커세어 K70 RGB PRO 게이밍 기계식 유선 일반형 키보드,https://www.coupang.com/vp/products/6713908636?itemId=15595876121&vendorItemId=82815053495&q=%EC%BB%A4%EC%84%B8%EC%96%B4+%ED%82%A4%EB%B3%B4%EB%93%9C&itemsCount=36&searchId=e6b867345da44c4b9dac0ea4f471d687&rank=3&isAddedCart=
덱키보드 거북선 헤슘 CBL-108XN PBT 기계식키보드 블랙에디션,https://www.coupang.com/vp/products/7392669339?itemId=19116390589&vendorItemId=81705001410&q=%EA%B1%B0%EB%B6%81%EC%84%A0+%ED%82%A4%EB%B3%B4%EB%93%9C&itemsCount=36&searchId=57ac4d7e57484a2b961bd0d644060264&rank=1&isAddedCart=
필립스 5000 시리즈 전기면도기,https://www.coupang.com/vp/products/7324728924?itemId=18793616916&vendorItemId=85924628387&q=%EC%A0%84%EA%B8%B0+%EB%A9%B4%EB%8F%84%EA%B8%B0&itemsCount=36&searchId=7137de9371d54af4a83bba32fb6d4317&rank=2&isAddedCart=
"NUNUHANA 휴대용 냉각 반도체 냉각 손 선풍기 Z5
",https://www.coupang.com/vp/products/8000236478?itemId=22276466767&vendorItemId=89322108233&q=%EC%86%90%ED%92%8D%EA%B8%B0&itemsCount=36&searchId=6ae3f8c3ff004d39b0b128c1a4ab1ec6&rank=1&isAddedCart=
홈플래닛 리모컨 빅 3D LED 벽시계,https://www.coupang.com/vp/products/1785650004?itemId=3040426791&vendorItemId=85719061634&sourceType=SDW_TOP_SELLING_WIDGET_V2&searchId=8816ba82219042f885f4ef72bf90bfc1&q=%EC%8B%9C%EA%B3%84&isAddedCart=
"레이저 Huntsman V2 Linear KR 유선 일반형 키보드
",https://www.coupang.com/vp/products/6295859261?itemId=13346911453&vendorItemId=80256115801&pickType=COU_PICK&q=%EB%B0%94%EB%B0%80%EB%A1%9C+%ED%82%A4%EB%B3%B4%EB%93%9C&itemsCount=36&searchId=7ccc9c7bac93474286ab3e83a5d8e4e1&rank=16&isAddedCart=
브로닉 써클라이트 학습용 무선 LED 책상 스탠드 펜홀더 조명,https://www.coupang.com/vp/products/6809226082?itemId=16103613020&vendorItemId=83445464092&sourceType=srp_product_ads&clickEventId=38f15a50-7f74-11ef-8213-470f4e8be44c&korePlacement=15&koreSubPlacement=1&q=%EC%8A%A4%ED%85%90%EB%93%9C&itemsCount=36&searchId=4e00993f73be40ff98e2568daa809f28&rank=0&isAddedCart=
"SAMSEA 파워풍량 전문가용 이온 헤어 드라이어 2100W
",https://www.coupang.com/vp/products/7720455258?itemId=20719019184&vendorItemId=89537843554&q=%ED%97%A4%EC%96%B4%EB%93%9C%EB%9D%BC%EC%9D%B4%EA%B8%B0&itemsCount=36&searchId=bd74f953d9ed4c73a2f5322b6446cd5c&rank=3&isAddedCart=
클래파 DC모터 다용도 미니 핸디형 무선청소기 BVC-H10,https://www.coupang.com/vp/products/4548468621?itemId=5516766994&vendorItemId=72816322228&pickType=COU_PICK&q=%EC%B2%AD%EC%86%8C%EA%B8%B0&itemsCount=36&searchId=a701843546e74486932e3e97b1f556ee&rank=1&isAddedCart=
홈플래닛 멀티탭 + 어린이 보호용 안전커버 2p,https://www.coupang.com/vp/products/196485070?itemId=565985397&vendorItemId=4485622478&pickType=COU_PICK&q=%EB%A9%80%ED%8B%B0%ED%83%AD&itemsCount=36&searchId=dd3ff7c0b2614532b7182d3c19345094&rank=1&isAddedCart=
HanilMedical 탄소열선 고급전기요 HL-SS205,https://www.coupang.com/vp/products/8248318931?itemId=23742814865&vendorItemId=70964612101&q=%EC%A0%84%EA%B8%B0%EC%9E%A5%ED%8C%90&itemsCount=36&searchId=b20a5e7d4c5a41baa83d44b06b0e50eb&rank=1&isAddedCart=
"오아 클린이 소프트B 음파 전동칫솔, OOT-003WH, 화이트, 1개",https://www.coupang.com/vp/products/2032761500?itemId=23855230779&vendorItemId=71442967324&sourceType=srp_product_ads&clickEventId=22ce2090-7f75-11ef-a7ce-052170b7039e&korePlacement=15&koreSubPlacement=1&q=%EC%A0%84%EB%8F%99%EC%B9%AB%EC%86%94&itemsCount=36&searchId=dba177032cf24fb19a87501f5a7006d0&rank=0&isAddedCart=
ELORTI 핸디형 스팀 다리미 건식 스팀 2in1 회전 헤드,https://www.coupang.com/vp/products/7619816542?itemId=20199445311&vendorItemId=87378083115&sourceType=srp_product_ads&clickEventId=333e0b20-7f75-11ef-8c7b-da2c4d6a9dec&korePlacement=15&koreSubPlacement=1&q=%EB%8B%A4%EB%A6%AC%EB%AF%B8&itemsCount=36&searchId=4fcd40a91d4040a8868db71c66a6c84b&rank=0&isAddedCart=
샤오미 스마트 가습기2,https://www.coupang.com/vp/products/6827655398?itemId=16199920263&vendorItemId=83394600512&pickType=COU_PICK&q=%EA%B0%80%EC%8A%B5%EA%B8%B0&itemsCount=36&searchId=19e7428b57ed46e28592e27f716cb3aa&rank=1&isAddedCart=
Apple 2023 맥북 프로 14 M3,https://www.coupang.com/vp/products/7719393118?itemId=20712942833&vendorItemId=87783936731&pickType=COU_PICK&q=맥북+프로&itemsCount=36&searchId=3678bf17b03c4fabb04bffac51af4092&rank=0&isAddedCart=
Apple 아이폰 16,https://www.coupang.com/vp/products/8335434837?itemId=24068312487&vendorItemId=91088074265&q=아이폰&itemsCount=32&searchId=2ae0dd17743146a49e609cf0e20f209d&rank=1&isAddedCart=
Apple 2023 아이맥 24 M3,https://www.coupang.com/vp/products/7719391917?itemId=20712937011&vendorItemId=87783931335&pickType=COU_PICK&q=아이맥&itemsCount=36&searchId=1c78b116574447639e8dcce74ff8b437&rank=0&isAddedCart=
Apple 2023 맥 미니 M2 10코어 8GB,https://www.coupang.com/vp/products/7122226122?itemId=17835903855&vendorItemId=84999590502&pickType=COU_PICK&q=맥미니&itemsCount=36&searchId=d08d43bd64d84517aeda8b73d368d828&rank=0&isAddedCart=
Apple 2023 맥미니 M2 10코어 16GB,https://www.coupang.com/vp/products/7122226122?itemId=17835903860&vendorItemId=84999590555&q=맥미니&itemsCount=36&searchId=77583c68e1ee48cab2a9f304dfb0c0fe&rank=10&isAddedCart=
Apple 정품 애플펜슬 프로,https://www.coupang.com/vp/products/8106270209?itemId=22947179438&vendorItemId=89981484435&q=애플펜슬&itemsCount=36&searchId=151b86c0fbfd4a1ab86fe5d8ec2abe8e&rank=1&isAddedCart=
Apple 2021년 Magic Trackpad 터치패드 MK2D3KH/A,https://www.coupang.com/vp/products/6011323503?itemId=10906416965&vendorItemId=78186257971&pickType=COU_PICK&q=애플+터치패드&itemsCount=36&searchId=197f265ec0c941d5928b06ba9fcdd642&rank=0&isAddedCart=
Apple 2021년 Magic Mouse,https://www.coupang.com/vp/products/6011323625?itemId=10906417238&vendorItemId=78186258259&pickType=COU_PICK&q=매직마우스&itemsCount=36&searchId=94fc75efa4434224b19ea7db552dda7b&rank=0&isAddedCart=
Apple 정품 매직 키보드,https://www.coupang.com/vp/products/6011323838?itemId=10906416998&vendorItemId=78186257993&pickType=COU_PICK&q=매직키보드&itemsCount=36&searchId=31fb0394221a4f8da32917739ea5b180&rank=1&isAddedCart=
Apple 2024 아이패드 프로 11 M4칩 스탠다드 글래스,https://www.coupang.com/vp/products/8134993903?itemId=23107127826&vendorItemId=90140409719&q=아이패드&itemsCount=36&searchId=92ad7c8ff5094f249c9f3ae851183733&rank=0&isAddedCart=